Ticker,URL
PCAR,https://www.tradingview.com/chart/sWFIrRUP/?symbol=PCAR
NVDA,https://www.tradingview.com/chart/sWFIrRUP/?symbol=NVDA
V,https://www.tradingview.com/chart/sWFIrRUP/?symbol=V
JPM,https://www.tradingview.com/chart/sWFIrRUP/?symbol=JPM
NVO,https://www.tradingview.com/chart/sWFIrRUP/?symbol=NVO
AVGO,https://www.tradingview.com/chart/sWFIrRUP/?symbol=AVGO
ASML,https://www.tradingview.com/chart/sWFIrRUP/?symbol=ASML
SHEL,https://www.tradingview.com/chart/sWFIrRUP/?symbol=SHEL
AZN,https://www.tradingview.com/chart/sWFIrRUP/?symbol=AZN
TTE,https://www.tradingview.com/chart/sWFIrRUP/?symbol=TTE
HSBC,https://www.tradingview.com/chart/sWFIrRUP/?symbol=HSBC
BUD,https://www.tradingview.com/chart/sWFIrRUP/?symbol=BUD
SBUX,https://www.tradingview.com/chart/sWFIrRUP/?symbol=SBUX
GILD,https://www.tradingview.com/chart/sWFIrRUP/?symbol=GILD
SYK,https://www.tradingview.com/chart/sWFIrRUP/?symbol=SYK
NOW,https://www.tradingview.com/chart/sWFIrRUP/?symbol=NOW
ITW,https://www.tradingview.com/chart/sWFIrRUP/?symbol=ITW
ETN,https://www.tradingview.com/chart/sWFIrRUP/?symbol=ETN
HCA,https://www.tradingview.com/chart/sWFIrRUP/?symbol=HCA
BSX,https://www.tradingview.com/chart/sWFIrRUP/?symbol=BSX
EQIX,https://www.tradingview.com/chart/sWFIrRUP/?symbol=EQIX
ABB,https://www.tradingview.com/chart/sWFIrRUP/?symbol=ABB
MELI,https://www.tradingview.com/chart/sWFIrRUP/?symbol=MELI
MPC,https://www.tradingview.com/chart/sWFIrRUP/?symbol=MPC
PANW,https://www.tradingview.com/chart/sWFIrRUP/?symbol=PANW
SNPS,https://www.tradingview.com/chart/sWFIrRUP/?symbol=SNPS
MNST,https://www.tradingview.com/chart/sWFIrRUP/?symbol=MNST
ORLY,https://www.tradingview.com/chart/sWFIrRUP/?symbol=ORLY
MAR,https://www.tradingview.com/chart/sWFIrRUP/?symbol=MAR
HSY,https://www.tradingview.com/chart/sWFIrRUP/?symbol=HSY
RACE,https://www.tradingview.com/chart/sWFIrRUP/?symbol=RACE
TAK,https://www.tradingview.com/chart/sWFIrRUP/?symbol=TAK
VMW,https://www.tradingview.com/chart/sWFIrRUP/?symbol=VMW
AZO,https://www.tradingview.com/chart/sWFIrRUP/?symbol=AZO
FTNT,https://www.tradingview.com/chart/sWFIrRUP/?symbol=FTNT
PH,https://www.tradingview.com/chart/sWFIrRUP/?symbol=PH
ECL,https://www.tradingview.com/chart/sWFIrRUP/?symbol=ECL
HMC,https://www.tradingview.com/chart/sWFIrRUP/?symbol=HMC
MCHP,https://www.tradingview.com/chart/sWFIrRUP/?symbol=MCHP
TT,https://www.tradingview.com/chart/sWFIrRUP/?symbol=TT
STM,https://www.tradingview.com/chart/sWFIrRUP/?symbol=STM
ANET,https://www.tradingview.com/chart/sWFIrRUP/?symbol=ANET
CMG,https://www.tradingview.com/chart/sWFIrRUP/?symbol=CMG
IDXX,https://www.tradingview.com/chart/sWFIrRUP/?symbol=IDXX
BIIB,https://www.tradingview.com/chart/sWFIrRUP/?symbol=BIIB
ROST,https://www.tradingview.com/chart/sWFIrRUP/?symbol=ROST
OTIS,https://www.tradingview.com/chart/sWFIrRUP/?symbol=OTIS
GFS,https://www.tradingview.com/chart/sWFIrRUP/?symbol=GFS
PCG,https://www.tradingview.com/chart/sWFIrRUP/?symbol=PCG
CPRT,https://www.tradingview.com/chart/sWFIrRUP/?symbol=CPRT
AME,https://www.tradingview.com/chart/sWFIrRUP/?symbol=AME
PPG,https://www.tradingview.com/chart/sWFIrRUP/?symbol=PPG
DELL,https://www.tradingview.com/chart/sWFIrRUP/?symbol=DELL
LEN,https://www.tradingview.com/chart/sWFIrRUP/?symbol=LEN
TTD,https://www.tradingview.com/chart/sWFIrRUP/?symbol=TTD
ANSS,https://www.tradingview.com/chart/sWFIrRUP/?symbol=ANSS
ULTA,https://www.tradingview.com/chart/sWFIrRUP/?symbol=ULTA
ACGL,https://www.tradingview.com/chart/sWFIrRUP/?symbol=ACGL
ZBH,https://www.tradingview.com/chart/sWFIrRUP/?symbol=ZBH
YUMC,https://www.tradingview.com/chart/sWFIrRUP/?symbol=YUMC
TCOM,https://www.tradingview.com/chart/sWFIrRUP/?symbol=TCOM
VMC,https://www.tradingview.com/chart/sWFIrRUP/?symbol=VMC
RCI,https://www.tradingview.com/chart/sWFIrRUP/?symbol=RCI
TEF,https://www.tradingview.com/chart/sWFIrRUP/?symbol=TEF
IR,https://www.tradingview.com/chart/sWFIrRUP/?symbol=IR
MPWR,https://www.tradingview.com/chart/sWFIrRUP/?symbol=MPWR
MLM,https://www.tradingview.com/chart/sWFIrRUP/?symbol=MLM
GIB,https://www.tradingview.com/chart/sWFIrRUP/?symbol=GIB
ZTO,https://www.tradingview.com/chart/sWFIrRUP/?symbol=ZTO
OMC,https://www.tradingview.com/chart/sWFIrRUP/?symbol=OMC
HWM,https://www.tradingview.com/chart/sWFIrRUP/?symbol=HWM
SEDG,https://www.tradingview.com/chart/sWFIrRUP/?symbol=SEDG
DRI,https://www.tradingview.com/chart/sWFIrRUP/?symbol=DRI
ROL,https://www.tradingview.com/chart/sWFIrRUP/?symbol=ROL
COO,https://www.tradingview.com/chart/sWFIrRUP/?symbol=COO
KOF,https://www.tradingview.com/chart/sWFIrRUP/?symbol=KOF
AXON,https://www.tradingview.com/chart/sWFIrRUP/?symbol=AXON
RE,https://www.tradingview.com/chart/sWFIrRUP/?symbol=RE
LW,https://www.tradingview.com/chart/sWFIrRUP/?symbol=LW
CBOE,https://www.tradingview.com/chart/sWFIrRUP/?symbol=CBOE
TME,https://www.tradingview.com/chart/sWFIrRUP/?symbol=TME
SNA,https://www.tradingview.com/chart/sWFIrRUP/?symbol=SNA
DT,https://www.tradingview.com/chart/sWFIrRUP/?symbol=DT
PHM,https://www.tradingview.com/chart/sWFIrRUP/?symbol=PHM
CCJ,https://www.tradingview.com/chart/sWFIrRUP/?symbol=CCJ
BWA,https://www.tradingview.com/chart/sWFIrRUP/?symbol=BWA
GGG,https://www.tradingview.com/chart/sWFIrRUP/?symbol=GGG
LSCC,https://www.tradingview.com/chart/sWFIrRUP/?symbol=LSCC
FIVE,https://www.tradingview.com/chart/sWFIrRUP/?symbol=FIVE
DECK,https://www.tradingview.com/chart/sWFIrRUP/?symbol=DECK
AGCO,https://www.tradingview.com/chart/sWFIrRUP/?symbol=AGCO
TPR,https://www.tradingview.com/chart/sWFIrRUP/?symbol=TPR
BRKR,https://www.tradingview.com/chart/sWFIrRUP/?symbol=BRKR
PEN,https://www.tradingview.com/chart/sWFIrRUP/?symbol=PEN
COTY,https://www.tradingview.com/chart/sWFIrRUP/?symbol=COTY
PAC,https://www.tradingview.com/chart/sWFIrRUP/?symbol=PAC
UHS,https://www.tradingview.com/chart/sWFIrRUP/?symbol=UHS
CHDN,https://www.tradingview.com/chart/sWFIrRUP/?symbol=CHDN
VIPS,https://www.tradingview.com/chart/sWFIrRUP/?symbol=VIPS
MANH,https://www.tradingview.com/chart/sWFIrRUP/?symbol=MANH
IBKR,https://www.tradingview.com/chart/sWFIrRUP/?symbol=IBKR
OC,https://www.tradingview.com/chart/sWFIrRUP/?symbol=OC
ASR,https://www.tradingview.com/chart/sWFIrRUP/?symbol=ASR
ALGM,https://www.tradingview.com/chart/sWFIrRUP/?symbol=ALGM
DLB,https://www.tradingview.com/chart/sWFIrRUP/?symbol=DLB
RL,https://www.tradingview.com/chart/sWFIrRUP/?symbol=RL
CX,https://www.tradingview.com/chart/sWFIrRUP/?symbol=CX
CROX,https://www.tradingview.com/chart/sWFIrRUP/?symbol=CROX
IRDM,https://www.tradingview.com/chart/sWFIrRUP/?symbol=IRDM
NVT,https://www.tradingview.com/chart/sWFIrRUP/?symbol=NVT
GPK,https://www.tradingview.com/chart/sWFIrRUP/?symbol=GPK
KNSL,https://www.tradingview.com/chart/sWFIrRUP/?symbol=KNSL
CLH,https://www.tradingview.com/chart/sWFIrRUP/?symbol=CLH
CAE,https://www.tradingview.com/chart/sWFIrRUP/?symbol=CAE
TXRH,https://www.tradingview.com/chart/sWFIrRUP/?symbol=TXRH
PRI,https://www.tradingview.com/chart/sWFIrRUP/?symbol=PRI
SWAV,https://www.tradingview.com/chart/sWFIrRUP/?symbol=SWAV
BYD,https://www.tradingview.com/chart/sWFIrRUP/?symbol=BYD
AXTA,https://www.tradingview.com/chart/sWFIrRUP/?symbol=AXTA
INGR,https://www.tradingview.com/chart/sWFIrRUP/?symbol=INGR
BLD,https://www.tradingview.com/chart/sWFIrRUP/?symbol=BLD
NYT,https://www.tradingview.com/chart/sWFIrRUP/?symbol=NYT
STVN,https://www.tradingview.com/chart/sWFIrRUP/?symbol=STVN
CHX,https://www.tradingview.com/chart/sWFIrRUP/?symbol=CHX
HXL,https://www.tradingview.com/chart/sWFIrRUP/?symbol=HXL
CIVI,https://www.tradingview.com/chart/sWFIrRUP/?symbol=CIVI
SIGI,https://www.tradingview.com/chart/sWFIrRUP/?symbol=SIGI
FSV,https://www.tradingview.com/chart/sWFIrRUP/?symbol=FSV
VRT,https://www.tradingview.com/chart/sWFIrRUP/?symbol=VRT
WTS,https://www.tradingview.com/chart/sWFIrRUP/?symbol=WTS
AQUA,https://www.tradingview.com/chart/sWFIrRUP/?symbol=AQUA
TIMB,https://www.tradingview.com/chart/sWFIrRUP/?symbol=TIMB
HGV,https://www.tradingview.com/chart/sWFIrRUP/?symbol=HGV
SPSC,https://www.tradingview.com/chart/sWFIrRUP/?symbol=SPSC
EEFT,https://www.tradingview.com/chart/sWFIrRUP/?symbol=EEFT
ATI,https://www.tradingview.com/chart/sWFIrRUP/?symbol=ATI
COKE,https://www.tradingview.com/chart/sWFIrRUP/?symbol=COKE
WING,https://www.tradingview.com/chart/sWFIrRUP/?symbol=WING
AAON,https://www.tradingview.com/chart/sWFIrRUP/?symbol=AAON
ASO,https://www.tradingview.com/chart/sWFIrRUP/?symbol=ASO
MSGS,https://www.tradingview.com/chart/sWFIrRUP/?symbol=MSGS
ALSN,https://www.tradingview.com/chart/sWFIrRUP/?symbol=ALSN
FELE,https://www.tradingview.com/chart/sWFIrRUP/?symbol=FELE
CIG,https://www.tradingview.com/chart/sWFIrRUP/?symbol=CIG
FRHC,https://www.tradingview.com/chart/sWFIrRUP/?symbol=FRHC
MLI,https://www.tradingview.com/chart/sWFIrRUP/?symbol=MLI
BRBR,https://www.tradingview.com/chart/sWFIrRUP/?symbol=BRBR
ACLS,https://www.tradingview.com/chart/sWFIrRUP/?symbol=ACLS
TEX,https://www.tradingview.com/chart/sWFIrRUP/?symbol=TEX
FRO,https://www.tradingview.com/chart/sWFIrRUP/?symbol=FRO
TDC,https://www.tradingview.com/chart/sWFIrRUP/?symbol=TDC
ELF,https://www.tradingview.com/chart/sWFIrRUP/?symbol=ELF
MMSI,https://www.tradingview.com/chart/sWFIrRUP/?symbol=MMSI
TMHC,https://www.tradingview.com/chart/sWFIrRUP/?symbol=TMHC
EPRT,https://www.tradingview.com/chart/sWFIrRUP/?symbol=EPRT
SMPL,https://www.tradingview.com/chart/sWFIrRUP/?symbol=SMPL
ENS,https://www.tradingview.com/chart/sWFIrRUP/?symbol=ENS
BDC,https://www.tradingview.com/chart/sWFIrRUP/?symbol=BDC
LOPE,https://www.tradingview.com/chart/sWFIrRUP/?symbol=LOPE
OLLI,https://www.tradingview.com/chart/sWFIrRUP/?symbol=OLLI
OI,https://www.tradingview.com/chart/sWFIrRUP/?symbol=OI
BMI,https://www.tradingview.com/chart/sWFIrRUP/?symbol=BMI
FSS,https://www.tradingview.com/chart/sWFIrRUP/?symbol=FSS
NEU,https://www.tradingview.com/chart/sWFIrRUP/?symbol=NEU
SEM,https://www.tradingview.com/chart/sWFIrRUP/?symbol=SEM
IBP,https://www.tradingview.com/chart/sWFIrRUP/?symbol=IBP
CERT,https://www.tradingview.com/chart/sWFIrRUP/?symbol=CERT
SIG,https://www.tradingview.com/chart/sWFIrRUP/?symbol=SIG
SPXC,https://www.tradingview.com/chart/sWFIrRUP/?symbol=SPXC
ENIC,https://www.tradingview.com/chart/sWFIrRUP/?symbol=ENIC
CCOI,https://www.tradingview.com/chart/sWFIrRUP/?symbol=CCOI
ACA,https://www.tradingview.com/chart/sWFIrRUP/?symbol=ACA
CCU,https://www.tradingview.com/chart/sWFIrRUP/?symbol=CCU
AAWW,https://www.tradingview.com/chart/sWFIrRUP/?symbol=AAWW
JJSF,https://www.tradingview.com/chart/sWFIrRUP/?symbol=JJSF
PAGP,https://www.tradingview.com/chart/sWFIrRUP/?symbol=PAGP
FTDR,https://www.tradingview.com/chart/sWFIrRUP/?symbol=FTDR
PRGS,https://www.tradingview.com/chart/sWFIrRUP/?symbol=PRGS
CBRL,https://www.tradingview.com/chart/sWFIrRUP/?symbol=CBRL
BLMN,https://www.tradingview.com/chart/sWFIrRUP/?symbol=BLMN
MTRN,https://www.tradingview.com/chart/sWFIrRUP/?symbol=MTRN
EXTR,https://www.tradingview.com/chart/sWFIrRUP/?symbol=EXTR
BOOT,https://www.tradingview.com/chart/sWFIrRUP/?symbol=BOOT
SJW,https://www.tradingview.com/chart/sWFIrRUP/?symbol=SJW
ALG,https://www.tradingview.com/chart/sWFIrRUP/?symbol=ALG
NABL,https://www.tradingview.com/chart/sWFIrRUP/?symbol=NABL
IDCC,https://www.tradingview.com/chart/sWFIrRUP/?symbol=IDCC
MWA,https://www.tradingview.com/chart/sWFIrRUP/?symbol=MWA
SUPN,https://www.tradingview.com/chart/sWFIrRUP/?symbol=SUPN
HCC,https://www.tradingview.com/chart/sWFIrRUP/?symbol=HCC
HTH,https://www.tradingview.com/chart/sWFIrRUP/?symbol=HTH
MYRG,https://www.tradingview.com/chart/sWFIrRUP/?symbol=MYRG
GOOS,https://www.tradingview.com/chart/sWFIrRUP/?symbol=GOOS
SKT,https://www.tradingview.com/chart/sWFIrRUP/?symbol=SKT
NMIH,https://www.tradingview.com/chart/sWFIrRUP/?symbol=NMIH
GVA,https://www.tradingview.com/chart/sWFIrRUP/?symbol=GVA
TBBK,https://www.tradingview.com/chart/sWFIrRUP/?symbol=TBBK
OXM,https://www.tradingview.com/chart/sWFIrRUP/?symbol=OXM
JACK,https://www.tradingview.com/chart/sWFIrRUP/?symbol=JACK
AMPH,https://www.tradingview.com/chart/sWFIrRUP/?symbol=AMPH
EAT,https://www.tradingview.com/chart/sWFIrRUP/?symbol=EAT
ARCO,https://www.tradingview.com/chart/sWFIrRUP/?symbol=ARCO
AROC,https://www.tradingview.com/chart/sWFIrRUP/?symbol=AROC
VIST,https://www.tradingview.com/chart/sWFIrRUP/?symbol=VIST
ROCK,https://www.tradingview.com/chart/sWFIrRUP/?symbol=ROCK
IAS,https://www.tradingview.com/chart/sWFIrRUP/?symbol=IAS
OEC,https://www.tradingview.com/chart/sWFIrRUP/?symbol=OEC
EPAC,https://www.tradingview.com/chart/sWFIrRUP/?symbol=EPAC
ERO,https://www.tradingview.com/chart/sWFIrRUP/?symbol=ERO
TH,https://www.tradingview.com/chart/sWFIrRUP/?symbol=TH
GRBK,https://www.tradingview.com/chart/sWFIrRUP/?symbol=GRBK
SXI,https://www.tradingview.com/chart/sWFIrRUP/?symbol=SXI
CASH,https://www.tradingview.com/chart/sWFIrRUP/?symbol=CASH
TNC,https://www.tradingview.com/chart/sWFIrRUP/?symbol=TNC
WNC,https://www.tradingview.com/chart/sWFIrRUP/?symbol=WNC
CARS,https://www.tradingview.com/chart/sWFIrRUP/?symbol=CARS
PRG,https://www.tradingview.com/chart/sWFIrRUP/?symbol=PRG
NSSC,https://www.tradingview.com/chart/sWFIrRUP/?symbol=NSSC
DFH,https://www.tradingview.com/chart/sWFIrRUP/?symbol=DFH
VECO,https://www.tradingview.com/chart/sWFIrRUP/?symbol=VECO
JBSS,https://www.tradingview.com/chart/sWFIrRUP/?symbol=JBSS
OSW,https://www.tradingview.com/chart/sWFIrRUP/?symbol=OSW
BBAR,https://www.tradingview.com/chart/sWFIrRUP/?symbol=BBAR
NAT,https://www.tradingview.com/chart/sWFIrRUP/?symbol=NAT
COCO,https://www.tradingview.com/chart/sWFIrRUP/?symbol=COCO
AMYT,https://www.tradingview.com/chart/sWFIrRUP/?symbol=AMYT
FWRG,https://www.tradingview.com/chart/sWFIrRUP/?symbol=FWRG
LPG,https://www.tradingview.com/chart/sWFIrRUP/?symbol=LPG
UFPT,https://www.tradingview.com/chart/sWFIrRUP/?symbol=UFPT
HCCI,https://www.tradingview.com/chart/sWFIrRUP/?symbol=HCCI
KOP,https://www.tradingview.com/chart/sWFIrRUP/?symbol=KOP
IDT,https://www.tradingview.com/chart/sWFIrRUP/?symbol=IDT
AMOT,https://www.tradingview.com/chart/sWFIrRUP/?symbol=AMOT
BLX,https://www.tradingview.com/chart/sWFIrRUP/?symbol=BLX
CHUY,https://www.tradingview.com/chart/sWFIrRUP/?symbol=CHUY
TK,https://www.tradingview.com/chart/sWFIrRUP/?symbol=TK
MCFT,https://www.tradingview.com/chart/sWFIrRUP/?symbol=MCFT
AGX,https://www.tradingview.com/chart/sWFIrRUP/?symbol=AGX
IRMD,https://www.tradingview.com/chart/sWFIrRUP/?symbol=IRMD
MPX,https://www.tradingview.com/chart/sWFIrRUP/?symbol=MPX
FANH,https://www.tradingview.com/chart/sWFIrRUP/?symbol=FANH
SCPL,https://www.tradingview.com/chart/sWFIrRUP/?symbol=SCPL
BWMX,https://www.tradingview.com/chart/sWFIrRUP/?symbol=BWMX
NVEC,https://www.tradingview.com/chart/sWFIrRUP/?symbol=NVEC
VMD,https://www.tradingview.com/chart/sWFIrRUP/?symbol=VMD
BBW,https://www.tradingview.com/chart/sWFIrRUP/?symbol=BBW
ASRT,https://www.tradingview.com/chart/sWFIrRUP/?symbol=ASRT
WEYS,https://www.tradingview.com/chart/sWFIrRUP/?symbol=WEYS
IMMR,https://www.tradingview.com/chart/sWFIrRUP/?symbol=IMMR
CLMB,https://www.tradingview.com/chart/sWFIrRUP/?symbol=CLMB
INTT,https://www.tradingview.com/chart/sWFIrRUP/?symbol=INTT
JFIN,https://www.tradingview.com/chart/sWFIrRUP/?symbol=JFIN
CMT,https://www.tradingview.com/chart/sWFIrRUP/?symbol=CMT
ELMD,https://www.tradingview.com/chart/sWFIrRUP/?symbol=ELMD
ALOT,https://www.tradingview.com/chart/sWFIrRUP/?symbol=ALOT
HGBL,https://www.tradingview.com/chart/sWFIrRUP/?symbol=HGBL
TZOO,https://www.tradingview.com/chart/sWFIrRUP/?symbol=TZOO
CCOI,https://www.tradingview.com/chart/sWFIrRUP/?symbol=CCOI
ACA,https://www.tradingview.com/chart/sWFIrRUP/?symbol=ACA
CCU,https://www.tradingview.com/chart/sWFIrRUP/?symbol=CCU
INMD,https://www.tradingview.com/chart/sWFIrRUP/?symbol=INMD
SITC,https://www.tradingview.com/chart/sWFIrRUP/?symbol=SITC
JJSF,https://www.tradingview.com/chart/sWFIrRUP/?symbol=JJSF
PAGP,https://www.tradingview.com/chart/sWFIrRUP/?symbol=PAGP
ABR,https://www.tradingview.com/chart/sWFIrRUP/?symbol=ABR
FTDR,https://www.tradingview.com/chart/sWFIrRUP/?symbol=FTDR
PRGS,https://www.tradingview.com/chart/sWFIrRUP/?symbol=PRGS
CPE,https://www.tradingview.com/chart/sWFIrRUP/?symbol=CPE
BLMN,https://www.tradingview.com/chart/sWFIrRUP/?symbol=BLMN
MTRN,https://www.tradingview.com/chart/sWFIrRUP/?symbol=MTRN
EXTR,https://www.tradingview.com/chart/sWFIrRUP/?symbol=EXTR
BOOT,https://www.tradingview.com/chart/sWFIrRUP/?symbol=BOOT
ALG,https://www.tradingview.com/chart/sWFIrRUP/?symbol=ALG
NEX,https://www.tradingview.com/chart/sWFIrRUP/?symbol=NEX
IDCC,https://www.tradingview.com/chart/sWFIrRUP/?symbol=IDCC
MWA,https://www.tradingview.com/chart/sWFIrRUP/?symbol=MWA
CARG,https://www.tradingview.com/chart/sWFIrRUP/?symbol=CARG
HCC,https://www.tradingview.com/chart/sWFIrRUP/?symbol=HCC
HEES,https://www.tradingview.com/chart/sWFIrRUP/?symbol=HEES
NMIH,https://www.tradingview.com/chart/sWFIrRUP/?symbol=NMIH
GVA,https://www.tradingview.com/chart/sWFIrRUP/?symbol=GVA
TBBK,https://www.tradingview.com/chart/sWFIrRUP/?symbol=TBBK
AMPH,https://www.tradingview.com/chart/sWFIrRUP/?symbol=AMPH
AROC,https://www.tradingview.com/chart/sWFIrRUP/?symbol=AROC
VIST,https://www.tradingview.com/chart/sWFIrRUP/?symbol=VIST
ROCK,https://www.tradingview.com/chart/sWFIrRUP/?symbol=ROCK
SCHL,https://www.tradingview.com/chart/sWFIrRUP/?symbol=SCHL
EPAC,https://www.tradingview.com/chart/sWFIrRUP/?symbol=EPAC
ERO,https://www.tradingview.com/chart/sWFIrRUP/?symbol=ERO
PERI,https://www.tradingview.com/chart/sWFIrRUP/?symbol=PERI
VRTS,https://www.tradingview.com/chart/sWFIrRUP/?symbol=VRTS
PLUS,https://www.tradingview.com/chart/sWFIrRUP/?symbol=PLUS
GRBK,https://www.tradingview.com/chart/sWFIrRUP/?symbol=GRBK
SXI,https://www.tradingview.com/chart/sWFIrRUP/?symbol=SXI
CASH,https://www.tradingview.com/chart/sWFIrRUP/?symbol=CASH
TNC,https://www.tradingview.com/chart/sWFIrRUP/?symbol=TNC
CARS,https://www.tradingview.com/chart/sWFIrRUP/?symbol=CARS
GES,https://www.tradingview.com/chart/sWFIrRUP/?symbol=GES
ASTE,https://www.tradingview.com/chart/sWFIrRUP/?symbol=ASTE
HOLI,https://www.tradingview.com/chart/sWFIrRUP/?symbol=HOLI
VECO,https://www.tradingview.com/chart/sWFIrRUP/?symbol=VECO
JBSS,https://www.tradingview.com/chart/sWFIrRUP/?symbol=JBSS
PUMP,https://www.tradingview.com/chart/sWFIrRUP/?symbol=PUMP
GBX,https://www.tradingview.com/chart/sWFIrRUP/?symbol=GBX
NAT,https://www.tradingview.com/chart/sWFIrRUP/?symbol=NAT
COCO,https://www.tradingview.com/chart/sWFIrRUP/?symbol=COCO
FWRG,https://www.tradingview.com/chart/sWFIrRUP/?symbol=FWRG
LPG,https://www.tradingview.com/chart/sWFIrRUP/?symbol=LPG
UFPT,https://www.tradingview.com/chart/sWFIrRUP/?symbol=UFPT
WTTR,https://www.tradingview.com/chart/sWFIrRUP/?symbol=WTTR
HCCI,https://www.tradingview.com/chart/sWFIrRUP/?symbol=HCCI
CDRE,https://www.tradingview.com/chart/sWFIrRUP/?symbol=CDRE
CGBD,https://www.tradingview.com/chart/sWFIrRUP/?symbol=CGBD
KOP,https://www.tradingview.com/chart/sWFIrRUP/?symbol=KOP
CHUY,https://www.tradingview.com/chart/sWFIrRUP/?symbol=CHUY
TK,https://www.tradingview.com/chart/sWFIrRUP/?symbol=TK
CCB,https://www.tradingview.com/chart/sWFIrRUP/?symbol=CCB
REX,https://www.tradingview.com/chart/sWFIrRUP/?symbol=REX
WRLD,https://www.tradingview.com/chart/sWFIrRUP/?symbol=WRLD
MBWM,https://www.tradingview.com/chart/sWFIrRUP/?symbol=MBWM
CECO,https://www.tradingview.com/chart/sWFIrRUP/?symbol=CECO
AGX,https://www.tradingview.com/chart/sWFIrRUP/?symbol=AGX
FCBC,https://www.tradingview.com/chart/sWFIrRUP/?symbol=FCBC
IRMD,https://www.tradingview.com/chart/sWFIrRUP/?symbol=IRMD
MPX,https://www.tradingview.com/chart/sWFIrRUP/?symbol=MPX
SCPL,https://www.tradingview.com/chart/sWFIrRUP/?symbol=SCPL
BWMX,https://www.tradingview.com/chart/sWFIrRUP/?symbol=BWMX
ESQ,https://www.tradingview.com/chart/sWFIrRUP/?symbol=ESQ
NVEC,https://www.tradingview.com/chart/sWFIrRUP/?symbol=NVEC
PKE,https://www.tradingview.com/chart/sWFIrRUP/?symbol=PKE
NBN,https://www.tradingview.com/chart/sWFIrRUP/?symbol=NBN
VEL,https://www.tradingview.com/chart/sWFIrRUP/?symbol=VEL
BSRR,https://www.tradingview.com/chart/sWFIrRUP/?symbol=BSRR
BBW,https://www.tradingview.com/chart/sWFIrRUP/?symbol=BBW
NECB,https://www.tradingview.com/chart/sWFIrRUP/?symbol=NECB
WEYS,https://www.tradingview.com/chart/sWFIrRUP/?symbol=WEYS
AGS,https://www.tradingview.com/chart/sWFIrRUP/?symbol=AGS
GCT,https://www.tradingview.com/chart/sWFIrRUP/?symbol=GCT
GHL,https://www.tradingview.com/chart/sWFIrRUP/?symbol=GHL
NATR,https://www.tradingview.com/chart/sWFIrRUP/?symbol=NATR
KMDA,https://www.tradingview.com/chart/sWFIrRUP/?symbol=KMDA
CLMB,https://www.tradingview.com/chart/sWFIrRUP/?symbol=CLMB
LINC,https://www.tradingview.com/chart/sWFIrRUP/?symbol=LINC
TWIN,https://www.tradingview.com/chart/sWFIrRUP/?symbol=TWIN
CMT,https://www.tradingview.com/chart/sWFIrRUP/?symbol=CMT
RCMT,https://www.tradingview.com/chart/sWFIrRUP/?symbol=RCMT
NTIC,https://www.tradingview.com/chart/sWFIrRUP/?symbol=NTIC
GASS,https://www.tradingview.com/chart/sWFIrRUP/?symbol=GASS
HGBL,https://www.tradingview.com/chart/sWFIrRUP/?symbol=HGBL
